lang,n_sentences,n_boot,f1_baseline,f1_system,delta,ci_low,ci_high,p_value
as,51,10000,0.7045454545454546,0.7209302325581395,0.016384778012684897,-0.02857142857142858,0.0883864513740767,0.2831
gu,1076,10000,0.8119089316987741,0.8222533240027992,0.010344392304025063,-0.0017011424068237658,0.022632705477470257,0.0451
kn,1003,10000,0.8384420373357917,0.8357375523499302,-0.0027044849858615105,-0.014879907644171284,0.009306684017975537,0.6633
ml,965,10000,0.8245650806958709,0.8243637880684188,-0.00020129262745205434,-0.013090645231880239,0.012560218410531754,0.5072
mr,1060,10000,0.8242471954339697,0.8428015564202335,0.01855436098626373,0.007073269164695523,0.030465463196413863,0.0005
or,994,10000,0.4899676375404531,0.497972972972973,0.008005335432519911,-0.019902172239595367,0.034102036935729954,0.2698
pa,993,10000,0.7676155865132243,0.7753550710142029,0.007739484500978611,-0.005263730991104262,0.020581391167711915,0.1202
ta,758,10000,0.7334975369458128,0.7599009900990099,0.026403453153197143,0.006771146105615104,0.04756452190673419,0.0046
te,847,10000,0.8583729888964423,0.848191660907625,-0.010181327988817324,-0.025827874698153893,0.004244946307578688,0.913
