model,setting,lang,n_seeds,mean,std
mbert,augmented,as,1,48.00,0.00
mbert,augmented,gu,1,77.09,0.00
mbert,augmented,kn,1,78.17,0.00
mbert,augmented,ml,1,77.83,0.00
mbert,augmented,mr,1,79.87,0.00
mbert,augmented,or,1,27.45,0.00
mbert,augmented,pa,1,69.60,0.00
mbert,augmented,ta,1,70.14,0.00
mbert,augmented,te,1,79.17,0.00
xlmr,gold,as,1,40.00,0.00
xlmr,gold,gu,1,77.77,0.00
xlmr,gold,kn,1,78.54,0.00
xlmr,gold,ml,1,77.40,0.00
xlmr,gold,mr,1,78.38,0.00
xlmr,gold,or,1,39.00,0.00
xlmr,gold,pa,1,68.46,0.00
xlmr,gold,ta,1,66.75,0.00
xlmr,gold,te,1,80.90,0.00
xlmr,augmented,as,1,50.00,0.00
xlmr,augmented,gu,1,78.45,0.00
xlmr,augmented,kn,1,78.46,0.00
xlmr,augmented,ml,1,77.97,0.00
xlmr,augmented,mr,1,79.94,0.00
xlmr,augmented,or,1,41.17,0.00
xlmr,augmented,pa,1,68.90,0.00
xlmr,augmented,ta,1,70.17,0.00
xlmr,augmented,te,1,78.76,0.00
